Genotype,Sex,ChrY_cov,,,,,geno_match_temp,Isolate_covFileName
8412_198,0,0.00074375,,,,,8412_198,S.8412.198.R1.match.sdr.cov.txt
8412_483,1,0.00642375,,,,,8412_483,S.8412.male.R1.match.sdr.cov.txt
8412_374,0,0.0104275,,,,,8412_374,S.8412.378.R1.match.sdr.cov.txt
8415_400,3,0.012725,,,,,8415_4,S.8415.404.R1.match.sdr.cov.txt
8412_336,1,0.0149512,,,,,8412_336,S.8412.34.R1.match.sdr.cov.txt
8412_286,4,0.0190962,,,,,8412_286,S.8412.286.R1.match.sdr.cov.txt
8412_292,0,0.0204725,,,,,8412_292,S.8412.292.R1.match.sdr.cov.txt
8412_302,3,0.0256625,,,,,8412_302,S.8412.302.R1.match.sdr.cov.txt
8412_300,1,0.0312487,,,,,8412_300,S.8412.3.R1.match.sdr.cov.txt
8415_285,2,0.04273,,,,,8415_285,S.8415.289.R1.match.sdr.cov.txt
8412_289,1,0.0436762,,,,,8412_289,S.8412.289.R1.match.sdr.cov.txt
8412_308,2,0.0438512,,,,,8412_308,S.8412.308.R1.match.sdr.cov.txt
8415_180,2,0.0445962,,,,,8415_18,S.8415.184.R1.match.sdr.cov.txt
8415_178,2,0.0505787,,,,,8415_178,S.8415.182.R1.match.sdr.cov.txt
8415_179,2,0.0535737,,,,,8415_179,S.8415.183.R1.match.sdr.cov.txt
8415_181,0,0.0633762,,,,,8415_181,S.8415.185.R1.match.sdr.cov.txt
8412_363,1,0.0638325,,,,,8412_363,S.8412.367.R1.match.sdr.cov.txt
8412_379,2,0.0648775,,,,,8412_379,S.8412.383.R1.match.sdr.cov.txt
8412_318,2,0.0683487,,,,,8412_318,S.8412.322.R1.match.sdr.cov.txt
8412_364,3,0.0687912,,,,,8412_364,S.8412.368.R1.match.sdr.cov.txt
8415_182,0,0.0691687,,,,,8415_182,S.8415.186.R1.match.sdr.cov.txt
8415_170,0,0.0705762,,,,,8415_17,S.8415.174.R1.match.sdr.cov.txt
8415_175,3,0.0708375,,,,,8415_175,S.8415.179.R1.match.sdr.cov.txt
8415_185,2,0.0715312,,,,,8415_185,S.8415.189.R1.match.sdr.cov.txt
8412_293,0,0.0720612,,,,,8412_293,S.8412.293.R1.match.sdr.cov.txt
8415_301,0,0.0727225,,,,,8415_301,S.8415.305.R1.match.sdr.cov.txt
8415_174,4,0.0748125,,,,,8415_174,S.8415.178.R1.match.sdr.cov.txt
8412_398,0,0.0770137,,,,,8412_398,S.8412.402.R1.match.sdr.cov.txt
8415_408,3,0.0774675,,,,,8415_408,S.8415.412.R1.match.sdr.cov.txt
8412_366,2,0.0782512,,,,,8412_366,S.8412.37.R1.match.sdr.cov.txt
8415_017,0,0.0783887,,,,,8415_017,S.8415.021.R1.match.sdr.cov.txt
8412_sire,2,0.0799975,,,,,8412_male,S.8415.004.R1.match.sdr.cov.txt
8412_131,4,0.080105,,,,,8412_131,S.8412.131.R1.match.sdr.cov.txt
8412_414,2,0.0811387,,,,,8412_414,S.8412.418.R1.match.sdr.cov.txt
8412_208,0,0.0825425,,,,,8412_208,S.8412.208.R1.match.sdr.cov.txt
8415_172,1,0.08267,,,,,8415_172,S.8415.176.R1.match.sdr.cov.txt
8415_124,2,0.0830925,,,,,8415_124,S.8415.128.R1.match.sdr.cov.txt
8415_100,4,0.0844075,,,,,8415_1,S.8415.104.R1.match.sdr.cov.txt
8216_02,0,0.0845675,,,,,8216_02,S.8216.002.R1.match.sdr.cov.txt
8415_169,0,0.085645,,,,,8415_169,S.8415.173.R1.match.sdr.cov.txt
8412_431,2,0.0858362,,,,,8412_431,S.8412.435.R1.match.sdr.cov.txt
8412_472,2,0.0865237,,,,,8412_472,S.8412.476.R1.match.sdr.cov.txt
8412_095,1,0.0874,,,,,8412_095,S.8412.095.R1.match.sdr.cov.txt
8415_168,0,0.0874475,,,,,8415_168,S.8415.172.R1.match.sdr.cov.txt
8412_088,0,0.08747,,,,,8412_088,S.8412.088.R1.match.sdr.cov.txt
8412_306,1,0.0881187,,,,,8412_306,S.8412.306.R1.match.sdr.cov.txt
8415_033,1,0.0883375,,,,,8415_033,S.8415.037.R1.match.sdr.cov.txt
8412_034,2,0.0885225,,,,,8412_034,S.8412.034.R1.match.sdr.cov.txt
8415_040,1,0.0895437,,,,,8415_04,S.8415.044.R1.match.sdr.cov.txt
8415_025,1,0.0896187,,,,,8415_025,S.8415.029.R1.match.sdr.cov.txt
8415_331,2,0.0898587,,,,,8415_331,S.8415.335.R1.match.sdr.cov.txt
8415_007,2,0.08986,,,,,8415_007,S.8415.011.R1.match.sdr.cov.txt
8412_075,0,0.0902575,,,,,8412_075,S.8412.075.R1.match.sdr.cov.txt
8415_120,4,0.0915837,,,,,8415_12,S.8415.124.R1.match.sdr.cov.txt
8412_297,2,0.0918512,,,,,8412_297,S.8412.297.R1.match.sdr.cov.txt
8415_122,4,0.0929337,,,,,8415_122,S.8415.126.R1.match.sdr.cov.txt
8412_464,4,0.0932925,,,,,8412_464,S.8412.468.R1.match.sdr.cov.txt
8415_024,1,0.0934875,,,,,8415_024,S.8415.028.R1.match.sdr.cov.txt
8232_02,0,0.09393,,,,,8232_02,S.8232.002.R1.match.sdr.cov.txt
8415_101,2,0.094145,,,,,8415_101,S.8415.105.R1.match.sdr.cov.txt
8415_282,2,0.0942675,,,,,8415_282,S.8415.286.R1.match.sdr.cov.txt
8412_425,2,0.0949475,,,,,8412_425,S.8412.429.R1.match.sdr.cov.txt
8415_132,4,0.095365,,,,,8415_132,S.8415.136.R1.match.sdr.cov.txt
8415_031,2,0.0958412,,,,,8415_031,S.8415.035.R1.match.sdr.cov.txt
8412_473,2,0.09585,,,,,8412_473,S.8412.477.R1.match.sdr.cov.txt
8415_281,0,0.0960312,,,,,8415_281,S.8415.285.R1.match.sdr.cov.txt
8415_098,2,0.09682,,,,,8415_098,S.8415.102.R1.match.sdr.cov.txt
8415_111,0,0.0968337,,,,,8415_111,S.8415.115.R1.match.sdr.cov.txt
8415_203,1,0.0968837,,,,,8415_203,S.8415.207.R1.match.sdr.cov.txt
8412_084,0,0.0974887,,,,,8412_084,S.8412.084.R1.match.sdr.cov.txt
8412_063,0,0.0976987,,,,,8412_063,S.8412.063.R1.match.sdr.cov.txt
8415_102,2,0.0979687,,,,,8415_102,S.8415.106.R1.match.sdr.cov.txt
8412_129,1,0.0979825,,,,,8412_129,S.8412.129.R1.match.sdr.cov.txt
8412_270,0,0.09831,,,,,8412_270,S.8412.27.R1.match.sdr.cov.txt
8412_421,2,0.09849,,,,,8412_421,S.8412.425.R1.match.sdr.cov.txt
8415_082,3,0.0988287,,,,,8415_082,S.8415.086.R1.match.sdr.cov.txt
8412_397,2,0.09909,,,,,8412_397,S.8412.401.R1.match.sdr.cov.txt
8415_227,2,0.0994162,,,,,8415_227,S.8415.231.R1.match.sdr.cov.txt
8415_147,2,0.0996537,,,,,8415_147,S.8415.151.R1.match.sdr.cov.txt
8412_179,0,0.1,,,,,8412_179,S.8412.179.R1.match.sdr.cov.txt
8415_206,2,0.10009,,,,,8415_206,S.8415.21.R1.match.sdr.cov.txt
8415_225,2,0.100264,,,,,8415_225,S.8415.229.R1.match.sdr.cov.txt
8412_410,1,0.100461,,,,,8412_41,S.8412.414.R1.match.sdr.cov.txt
8415_213,0,0.100816,,,,,8415_213,S.8415.217.R1.match.sdr.cov.txt
8412_386,2,0.101125,,,,,8412_386,S.8412.39.R1.match.sdr.cov.txt
8415_236,0,0.101165,,,,,8415_236,S.8415.24.R1.match.sdr.cov.txt
8415_073,0,0.10133,,,,,8415_073,S.8415.077.R1.match.sdr.cov.txt
8412_294,0,0.101421,,,,,8412_294,S.8412.294.R1.match.sdr.cov.txt
8415_283,0,0.101474,,,,,8415_283,S.8415.287.R1.match.sdr.cov.txt
8415_088,1,0.101797,,,,,8415_088,S.8415.092.R1.match.sdr.cov.txt
8415_023,2,0.102121,,,,,8415_023,S.8415.027.R1.match.sdr.cov.txt
8412_086,0,0.102597,,,,,8412_086,S.8412.086.R1.match.sdr.cov.txt
8412_287,0,0.102921,,,,,8412_287,S.8412.287.R1.match.sdr.cov.txt
8412_461,0,0.103112,,,,,8412_461,S.8412.465.R1.match.sdr.cov.txt
8412_296,0,0.103241,,,,,8412_296,S.8412.296.R1.match.sdr.cov.txt
8412_320,2,0.103494,,,,,8412_320,S.8412.324.R1.match.sdr.cov.txt
8415_018,0,0.103619,,,,,8415_018,S.8415.022.R1.match.sdr.cov.txt
8412_373,0,0.103992,,,,,8412_373,S.8412.377.R1.match.sdr.cov.txt
8412_275,2,0.104567,,,,,8412_275,S.8412.275.R1.match.sdr.cov.txt
8415_270,0,0.10481,,,,,8415_27,S.8415.274.R1.match.sdr.cov.txt
8415_392,1,0.104829,,,,,8415_392,S.8415.396.R1.match.sdr.cov.txt
8415_002,2,0.104842,,,,,8415_002,S.8415.006.R1.match.sdr.cov.txt
8412_402,3,0.105047,,,,,8412_402,S.8412.406.R1.match.sdr.cov.txt
8412_380,2,0.105104,,,,,8412_38,S.8412.384.R1.match.sdr.cov.txt
8415_058,1,0.105492,,,,,8415_058,S.8415.062.R1.match.sdr.cov.txt
8412_382,0,0.105704,,,,,8412_382,S.8412.386.R1.match.sdr.cov.txt
8412_154,0,0.105882,,,,,8412_154,S.8412.154.R1.match.sdr.cov.txt
8415_037,2,0.106157,,,,,8415_037,S.8415.041.R1.match.sdr.cov.txt
8415_077,2,0.10636,,,,,8415_077,S.8415.081.R1.match.sdr.cov.txt
8415_298,0,0.106399,,,,,8415_298,S.8415.302.R1.match.sdr.cov.txt
8412_377,1,0.106481,,,,,8412_377,S.8412.381.R1.match.sdr.cov.txt
8412_365,1,0.106787,,,,,8412_365,S.8412.369.R1.match.sdr.cov.txt
8415_085,4,0.106826,,,,,8415_085,S.8415.089.R1.match.sdr.cov.txt
8415_218,0,0.107044,,,,,8415_218,S.8415.222.R1.match.sdr.cov.txt
8415_248,2,0.10712,,,,,8415_248,S.8415.252.R1.match.sdr.cov.txt
8412_391,2,0.107122,,,,,8412_391,S.8412.395.R1.match.sdr.cov.txt
8412_149,0,0.10745,,,,,8412_149,S.8412.149.R1.match.sdr.cov.txt
8415_191,1,0.107501,,,,,8415_191,S.8415.195.R1.match.sdr.cov.txt
8412_328,2,0.107657,,,,,8412_328,S.8412.332.R1.match.sdr.cov.txt
8415_119,1,0.108029,,,,,8415_119,S.8415.123.R1.match.sdr.cov.txt
8415_370,0,0.108251,,,,,8415_37,S.8415.374.R1.match.sdr.cov.txt
8412_408,0,0.108449,,,,,8412_408,S.8412.412.R1.match.sdr.cov.txt
8415_334,4,0.108555,,,,,8415_334,S.8415.338.R1.match.sdr.cov.txt
8415_041,2,0.108565,,,,,8415_041,S.8415.045.R1.match.sdr.cov.txt
8415_421,0,0.108627,,,,,8415_421,S.8415.425.R1.match.sdr.cov.txt
8415_065,1,0.108877,,,,,8415_065,S.8415.069.R1.match.sdr.cov.txt
8415_130,0,0.109126,,,,,8415_13,S.8415.134.R1.match.sdr.cov.txt
8415_035,0,0.109137,,,,,8415_035,S.8415.039.R1.match.sdr.cov.txt
8412_170,0,0.109192,,,,,8412_170,S.8412.17.R1.match.sdr.cov.txt
8415_014,0,0.109536,,,,,8415_014,S.8415.018.R1.match.sdr.cov.txt
8415_269,2,0.109691,,,,,8415_269,S.8415.273.R1.match.sdr.cov.txt
8415_339,4,0.109792,,,,,8415_339,S.8415.343.R1.match.sdr.cov.txt
8412_389,3,0.109866,,,,,8412_389,S.8412.393.R1.match.sdr.cov.txt
8415_196,2,0.10989,,,,,8415_196,S.8415.2.R1.match.sdr.cov.txt
8415_183,1,0.110419,,,,,8415_183,S.8415.187.R1.match.sdr.cov.txt
8415_108,2,0.110467,,,,,8415_108,S.8415.112.R1.match.sdr.cov.txt
8415_364,0,0.110581,,,,,8415_364,S.8415.368.R1.match.sdr.cov.txt
8415_141,0,0.110677,,,,,8415_141,S.8415.145.R1.match.sdr.cov.txt
8412_423,1,0.111014,,,,,8412_423,S.8412.427.R1.match.sdr.cov.txt
8412_438,2,0.111259,,,,,8412_438,S.8412.442.R1.match.sdr.cov.txt
8415_115,1,0.111509,,,,,8415_115,S.8415.119.R1.match.sdr.cov.txt
8415_129,1,0.111991,,,,,8415_129,S.8415.133.R1.match.sdr.cov.txt
8415_053,1,0.11242,,,,,8415_053,S.8415.057.R1.match.sdr.cov.txt
8415_010,3,0.112541,,,,,8415_01,S.8415.014.R1.match.sdr.cov.txt
8415_074,0,0.112554,,,,,8415_074,S.8415.078.R1.match.sdr.cov.txt
8415_136,1,0.112712,,,,,8415_136,S.8415.14.R1.match.sdr.cov.txt
8415_166,0,0.112822,,,,,8415_166,S.8415.17.R1.match.sdr.cov.txt
8415_189,2,0.113017,,,,,8415_189,S.8415.193.R1.match.sdr.cov.txt
8412_090,0,0.11302,,,,,8412_090,S.8412.09.R1.match.sdr.cov.txt
8415_049,0,0.11318,,,,,8415_049,S.8415.053.R1.match.sdr.cov.txt
8412_266,2,0.113256,,,,,8412_266,S.8412.266.R1.match.sdr.cov.txt
8412_008,2,0.113272,,,,,8412_008,S.8412.008.R1.match.sdr.cov.txt
8415_164,2,0.11333,,,,,8415_164,S.8415.168.R1.match.sdr.cov.txt
8412_285,0,0.113875,,,,,8412_285,S.8412.285.R1.match.sdr.cov.txt
8415_087,0,0.11419,,,,,8415_087,S.8415.091.R1.match.sdr.cov.txt
8415_149,0,0.114329,,,,,8415_149,S.8415.153.R1.match.sdr.cov.txt
8415_095,4,0.114415,,,,,8415_095,S.8415.099.R1.match.sdr.cov.txt
8415_137,2,0.115116,,,,,8415_137,S.8415.141.R1.match.sdr.cov.txt
8412_467,0,0.115152,,,,,8412_467,S.8412.471.R1.match.sdr.cov.txt
8415_038,0,0.115332,,,,,8415_038,S.8415.042.R1.match.sdr.cov.txt
8415_009,2,0.115641,,,,,8415_009,S.8415.013.R1.match.sdr.cov.txt
8412_026,0,0.115662,,,,,8412_026,S.8412.026.R1.match.sdr.cov.txt
8415_230,2,0.115836,,,,,8415_23,S.8415.234.R1.match.sdr.cov.txt
8415_131,0,0.115851,,,,,8415_131,S.8415.135.R1.match.sdr.cov.txt
8412_072,0,0.115876,,,,,8412_072,S.8412.072.R1.match.sdr.cov.txt
8415_158,0,0.115885,,,,,8415_158,S.8415.162.R1.match.sdr.cov.txt
8412_465,1,0.116281,,,,,8412_465,S.8412.469.R1.match.sdr.cov.txt
8412_028,2,0.116351,,,,,8412_028,S.8412.028.R1.match.sdr.cov.txt
8412_383,1,0.11637,,,,,8412_383,S.8412.387.R1.match.sdr.cov.txt
8412_317,2,0.116431,,,,,8412_317,S.8412.321.R1.match.sdr.cov.txt
8415_173,2,0.116596,,,,,8415_173,S.8415.177.R1.match.sdr.cov.txt
8415_001,1,0.116761,,,,,8415_001,S.8415.005.R1.match.sdr.cov.txt
8415_308,0,0.116824,,,,,8415_308,S.8415.312.R1.match.sdr.cov.txt
8415_042,0,0.116866,,,,,8415_042,S.8415.046.R1.match.sdr.cov.txt
8412_092,0,0.116961,,,,,8412_092,S.8412.092.R1.match.sdr.cov.txt
8415_253,4,0.117062,,,,,8415_253,S.8415.257.R1.match.sdr.cov.txt
8415_190,1,0.117247,,,,,8415_19,S.8415.194.R1.match.sdr.cov.txt
8412_007,2,0.117562,,,,,8412_007,S.8412.007.R1.match.sdr.cov.txt
8412_338,1,0.117584,,,,,8412_338,S.8412.342.R1.match.sdr.cov.txt
8415_109,2,0.117617,,,,,8415_109,S.8415.113.R1.match.sdr.cov.txt
8415_103,0,0.117639,,,,,8415_103,S.8415.107.R1.match.sdr.cov.txt
8412_242,0,0.117657,,,,,8412_242,S.8412.242.R1.match.sdr.cov.txt
8412_094,3,0.118012,,,,,8412_094,S.8412.094.R1.match.sdr.cov.txt
8415_110,0,0.11819,,,,,8415_11,S.8415.114.R1.match.sdr.cov.txt
8412_334,2,0.118297,,,,,8412_334,S.8412.338.R1.match.sdr.cov.txt
8415_322,2,0.118599,,,,,8415_322,S.8415.326.R1.match.sdr.cov.txt
8412_046,0,0.118719,,,,,8412_046,S.8412.046.R1.match.sdr.cov.txt
8415_338,0,0.118912,,,,,8415_338,S.8415.342.R1.match.sdr.cov.txt
8415_224,2,0.118917,,,,,8415_224,S.8415.228.R1.match.sdr.cov.txt
8412_052,0,0.11952,,,,,8412_052,S.8412.052.R1.match.sdr.cov.txt
8415_219,2,0.119766,,,,,8415_219,S.8415.223.R1.match.sdr.cov.txt
8415_076,2,0.11979,,,,,8415_076,S.8415.08.R1.match.sdr.cov.txt
8412_337,2,0.119885,,,,,8412_337,S.8412.341.R1.match.sdr.cov.txt
8415_214,1,0.120047,,,,,8415_214,S.8415.218.R1.match.sdr.cov.txt
8412_412,2,0.120477,,,,,8412_412,S.8412.416.R1.match.sdr.cov.txt
8415_332,0,0.120627,,,,,8415_332,S.8415.336.R1.match.sdr.cov.txt
8415_314,0,0.120715,,,,,8415_314,S.8415.318.R1.match.sdr.cov.txt
8415_204,0,0.120745,,,,,8415_204,S.8415.208.R1.match.sdr.cov.txt
8415_378,1,0.12075,,,,,8415_378,S.8415.382.R1.match.sdr.cov.txt
8415_372,4,0.120769,,,,,8415_372,S.8415.376.R1.match.sdr.cov.txt
8415_187,2,0.120822,,,,,8415_187,S.8415.191.R1.match.sdr.cov.txt
8412_325,1,0.121015,,,,,8412_325,S.8412.329.R1.match.sdr.cov.txt
8415_028,0,0.121024,,,,,8415_028,S.8415.032.R1.match.sdr.cov.txt
8412_138,1,0.121125,,,,,8412_138,S.8412.138.R1.match.sdr.cov.txt
8412_428,1,0.121191,,,,,8412_428,S.8412.432.R1.match.sdr.cov.txt
8415_016,2,0.121199,,,,,8415_016,S.8415.02.R1.match.sdr.cov.txt
8412_054,3,0.121385,,,,,8412_054,S.8412.054.R1.match.sdr.cov.txt
8415_290,0,0.121459,,,,,8415_29,S.8415.294.R1.match.sdr.cov.txt
8415_071,0,0.121675,,,,,8415_071,S.8415.075.R1.match.sdr.cov.txt
8415_081,1,0.121744,,,,,8415_081,S.8415.085.R1.match.sdr.cov.txt
8415_051,4,0.12199,,,,,8415_051,S.8415.055.R1.match.sdr.cov.txt
8415_008,0,0.12202,,,,,8415_008,S.8415.012.R1.match.sdr.cov.txt
8412_390,2,0.122056,,,,,8412_39,S.8412.394.R1.match.sdr.cov.txt
8412_290,2,0.122257,,,,,8412_290,S.8412.29.R1.match.sdr.cov.txt
8412_044,3,0.122449,,,,,8412_044,S.8412.044.R1.match.sdr.cov.txt
8412_135,3,0.122641,,,,,8412_135,S.8412.135.R1.match.sdr.cov.txt
8412_042,1,0.122945,,,,,8412_042,S.8412.042.R1.match.sdr.cov.txt
8415_083,2,0.12301,,,,,8415_083,S.8415.087.R1.match.sdr.cov.txt
8412_276,2,0.123064,,,,,8412_276,S.8412.276.R1.match.sdr.cov.txt
8415_176,1,0.123124,,,,,8415_176,S.8415.18.R1.match.sdr.cov.txt
8415_349,0,0.12315,,,,,8415_349,S.8415.353.R1.match.sdr.cov.txt
8412_307,2,0.123419,,,,,8412_307,S.8412.307.R1.match.sdr.cov.txt
8415_245,0,0.123491,,,,,8415_245,S.8415.249.R1.match.sdr.cov.txt
8412_085,3,0.123531,,,,,8412_085,S.8412.085.R1.match.sdr.cov.txt
8415_032,0,0.123559,,,,,8415_032,S.8415.036.R1.match.sdr.cov.txt
8412_174,1,0.123566,,,,,8412_174,S.8412.174.R1.match.sdr.cov.txt
8415_050,2,0.123772,,,,,8415_05,S.8415.054.R1.match.sdr.cov.txt
8412_093,0,0.124216,,,,,8412_093,S.8412.093.R1.match.sdr.cov.txt
8415_299,0,0.124237,,,,,8415_299,S.8415.303.R1.match.sdr.cov.txt
8415_089,1,0.124521,,,,,8415_089,S.8415.093.R1.match.sdr.cov.txt
8415_036,0,0.124681,,,,,8415_036,S.8415.04.R1.match.sdr.cov.txt
8412_064,0,0.124832,,,,,8412_064,S.8412.064.R1.match.sdr.cov.txt
8412_437,2,0.125019,,,,,8412_437,S.8412.441.R1.match.sdr.cov.txt
8415_097,0,0.125049,,,,,8415_097,S.8415.101.R1.match.sdr.cov.txt
8415_006,2,0.125219,,,,,8415_006,S.8415.01.R1.match.sdr.cov.txt
8415_096,3,0.125486,,,,,8415_096,S.8415.1.R1.match.sdr.cov.txt
8415_195,0,0.125565,,,,,8415_195,S.8415.199.R1.match.sdr.cov.txt
8412_342,2,0.126361,,,,,8412_342,S.8412.346.R1.match.sdr.cov.txt
8412_278,0,0.126599,,,,,8412_278,S.8412.278.R1.match.sdr.cov.txt
8412_141,2,0.126729,,,,,8412_141,S.8412.141.R1.match.sdr.cov.txt
8415_177,2,0.126746,,,,,8415_177,S.8415.181.R1.match.sdr.cov.txt
8415_276,2,0.126754,,,,,8415_276,S.8415.28.R1.match.sdr.cov.txt
8232_01,0,0.126764,,,,,8232_01,S.8232.001.R1.match.sdr.cov.txt
8412_142,0,0.126929,,,,,8412_142,S.8412.142.R1.match.sdr.cov.txt
8415_143,0,0.127061,,,,,8415_143,S.8415.147.R1.match.sdr.cov.txt
8415_171,0,0.127184,,,,,8415_171,S.8415.175.R1.match.sdr.cov.txt
8415_047,0,0.12728,,,,,8415_047,S.8415.051.R1.match.sdr.cov.txt
8412_190,1,0.127291,,,,,8412_190,S.8412.19.R1.match.sdr.cov.txt
8415_337,1,0.127291,,,,,8415_337,S.8415.341.R1.match.sdr.cov.txt
8412_387,1,0.127392,,,,,8412_387,S.8412.391.R1.match.sdr.cov.txt
8415_434,0,0.127592,,,,,8415_434,S.8415.438.R1.match.sdr.cov.txt
8412_341,2,0.127602,,,,,8412_341,S.8412.345.R1.match.sdr.cov.txt
8412_081,4,0.127657,,,,,8412_081,S.8412.081.R1.match.sdr.cov.txt
8412_156,0,0.127717,,,,,8412_156,S.8412.156.R1.match.sdr.cov.txt
8415_039,1,0.127764,,,,,8415_039,S.8415.043.R1.match.sdr.cov.txt
8412_273,0,0.128001,,,,,8412_273,S.8412.273.R1.match.sdr.cov.txt
8415_215,2,0.128032,,,,,8415_215,S.8415.219.R1.match.sdr.cov.txt
8412_439,3,0.128097,,,,,8412_439,S.8412.443.R1.match.sdr.cov.txt
8412_157,2,0.128142,,,,,8412_157,S.8412.157.R1.match.sdr.cov.txt
8415_264,0,0.12845,,,,,8415_264,S.8415.268.R1.match.sdr.cov.txt
8415_387,0,0.128649,,,,,8415_387,S.8415.391.R1.match.sdr.cov.txt
8415_138,0,0.128711,,,,,8415_138,S.8415.142.R1.match.sdr.cov.txt
8415_133,2,0.128712,,,,,8415_133,S.8415.137.R1.match.sdr.cov.txt
8415_029,0,0.128721,,,,,8415_029,S.8415.033.R1.match.sdr.cov.txt
8415_055,0,0.129319,,,,,8415_055,S.8415.059.R1.match.sdr.cov.txt
8415_326,1,0.129404,,,,,8415_326,S.8415.33.R1.match.sdr.cov.txt
8412_099,2,0.129591,,,,,8412_099,S.8412.099.R1.match.sdr.cov.txt
8412_176,0,0.129634,,,,,8412_176,S.8412.176.R1.match.sdr.cov.txt
8412_385,2,0.129824,,,,,8412_385,S.8412.389.R1.match.sdr.cov.txt
8415_188,2,0.129834,,,,,8415_188,S.8415.192.R1.match.sdr.cov.txt
8412_274,2,0.130017,,,,,8412_274,S.8412.274.R1.match.sdr.cov.txt
8412_405,2,0.130229,,,,,8412_405,S.8412.409.R1.match.sdr.cov.txt
8415_118,0,0.130431,,,,,8415_118,S.8415.122.R1.match.sdr.cov.txt
8415_153,2,0.130605,,,,,8415_153,S.8415.157.R1.match.sdr.cov.txt
8412_288,2,0.130722,,,,,8412_288,S.8412.288.R1.match.sdr.cov.txt
8412_030,0,0.130909,,,,,8412_030,S.8412.03.R1.match.sdr.cov.txt
8415_258,0,0.130921,,,,,8415_258,S.8415.262.R1.match.sdr.cov.txt
8412_470,3,0.131067,,,,,8412_47,S.8412.474.R1.match.sdr.cov.txt
8415_412,4,0.131346,,,,,8415_412,S.8415.416.R1.match.sdr.cov.txt
8415_145,0,0.131494,,,,,8415_145,S.8415.149.R1.match.sdr.cov.txt
8412_076,0,0.13152,,,,,8412_076,S.8412.076.R1.match.sdr.cov.txt
8415_080,0,0.1316,,,,,8415_08,S.8415.084.R1.match.sdr.cov.txt
8412_059,2,0.131765,,,,,8412_059,S.8412.059.R1.match.sdr.cov.txt
8412_427,0,0.13183,,,,,8412_427,S.8412.431.R1.match.sdr.cov.txt
8412_392,3,0.131879,,,,,8412_392,S.8412.396.R1.match.sdr.cov.txt
8412_445,2,0.131972,,,,,8412_445,S.8412.449.R1.match.sdr.cov.txt
8412_016,1,0.132175,,,,,8412_016,S.8412.016.R1.match.sdr.cov.txt
8412_375,4,0.13227,,,,,8412_375,S.8412.379.R1.match.sdr.cov.txt
8415_333,3,0.132289,,,,,8415_333,S.8415.337.R1.match.sdr.cov.txt
8415_156,0,0.132402,,,,,8415_156,S.8415.16.R1.match.sdr.cov.txt
8412_139,2,0.132452,,,,,8412_139,S.8412.139.R1.match.sdr.cov.txt
8415_160,4,0.132534,,,,,8415_16,S.8415.164.R1.match.sdr.cov.txt
8415_220,0,0.13257,,,,,8415_22,S.8415.224.R1.match.sdr.cov.txt
8415_289,0,0.132774,,,,,8415_289,S.8415.293.R1.match.sdr.cov.txt
8412_448,2,0.132791,,,,,8412_448,S.8412.452.R1.match.sdr.cov.txt
8415_194,2,0.132872,,,,,8415_194,S.8415.198.R1.match.sdr.cov.txt
8412_419,0,0.13301,,,,,8412_419,S.8412.423.R1.match.sdr.cov.txt
8412_468,1,0.133095,,,,,8412_468,S.8412.472.R1.match.sdr.cov.txt
8415_034,0,0.133187,,,,,8415_034,S.8415.038.R1.match.sdr.cov.txt
8415_263,0,0.133236,,,,,8415_263,S.8415.267.R1.match.sdr.cov.txt
8412_426,1,0.133535,,,,,8412_426,S.8412.43.R1.match.sdr.cov.txt
8412_039,1,0.133626,,,,,8412_039,S.8412.039.R1.match.sdr.cov.txt
8415_142,0,0.133839,,,,,8415_142,S.8415.146.R1.match.sdr.cov.txt
8412_395,0,0.133862,,,,,8412_395,S.8412.399.R1.match.sdr.cov.txt
8415_021,2,0.133896,,,,,8415_021,S.8415.025.R1.match.sdr.cov.txt
8412_078,0,0.133986,,,,,8412_078,S.8412.078.R1.match.sdr.cov.txt
8415_428,3,0.134054,,,,,8415_428,S.8415.432.R1.match.sdr.cov.txt
8216_05,0,0.134096,,,,,8216_05,S.8216.005.R1.match.sdr.cov.txt
8415_013,0,0.134179,,,,,8415_013,S.8415.017.R1.match.sdr.cov.txt
8415_069,1,0.134211,,,,,8415_069,S.8415.073.R1.match.sdr.cov.txt
8412_082,4,0.134229,,,,,8412_082,S.8412.082.R1.match.sdr.cov.txt
8415_373,0,0.13423,,,,,8415_373,S.8415.377.R1.match.sdr.cov.txt
8415_092,1,0.134494,,,,,8415_092,S.8415.096.R1.match.sdr.cov.txt
8415_244,0,0.134509,,,,,8415_244,S.8415.248.R1.match.sdr.cov.txt
8415_309,0,0.134549,,,,,8415_309,S.8415.313.R1.match.sdr.cov.txt
8415_054,4,0.134694,,,,,8415_054,S.8415.058.R1.match.sdr.cov.txt
8415_046,2,0.134732,,,,,8415_046,S.8415.05.R1.match.sdr.cov.txt
8415_249,0,0.13475,,,,,8415_249,S.8415.253.R1.match.sdr.cov.txt
8415_320,2,0.13485,,,,,8415_32,S.8415.324.R1.match.sdr.cov.txt
8415_146,3,0.135025,,,,,8415_146,S.8415.15.R1.match.sdr.cov.txt
8415_321,0,0.135091,,,,,8415_321,S.8415.325.R1.match.sdr.cov.txt
8415_343,0,0.135366,,,,,8415_343,S.8415.347.R1.match.sdr.cov.txt
8415_063,1,0.135382,,,,,8415_063,S.8415.067.R1.match.sdr.cov.txt
8415_429,0,0.135891,,,,,8415_429,S.8415.433.R1.match.sdr.cov.txt
8415_420,2,0.136024,,,,,8415_42,S.8415.424.R1.match.sdr.cov.txt
8415_325,2,0.136317,,,,,8415_325,S.8415.329.R1.match.sdr.cov.txt
8412_457,4,0.136531,,,,,8412_457,S.8412.461.R1.match.sdr.cov.txt
8415_252,0,0.136741,,,,,8415_252,S.8415.256.R1.match.sdr.cov.txt
8412_420,2,0.136879,,,,,8412_42,S.8412.424.R1.match.sdr.cov.txt
8412_229,2,0.136991,,,,,8412_229,S.8412.229.R1.match.sdr.cov.txt
8415_090,2,0.137241,,,,,8415_09,S.8415.094.R1.match.sdr.cov.txt
8415_409,0,0.13728,,,,,8415_409,S.8415.413.R1.match.sdr.cov.txt
8412_456,2,0.137371,,,,,8412_456,S.8412.46.R1.match.sdr.cov.txt
8412_159,2,0.137445,,,,,8412_159,S.8412.159.R1.match.sdr.cov.txt
8232_04,0,0.137479,,,,,8232_04,S.8232.004.R1.match.sdr.cov.txt
8412_166,0,0.137565,,,,,8412_166,S.8412.166.R1.match.sdr.cov.txt
8412_303,4,0.13772,,,,,8412_303,S.8412.303.R1.match.sdr.cov.txt
8415_052,3,0.1379,,,,,8415_052,S.8415.056.R1.match.sdr.cov.txt
8415_255,1,0.137905,,,,,8415_255,S.8415.259.R1.match.sdr.cov.txt
8412_020,2,0.13791,,,,,8412_020,S.8412.02.R1.match.sdr.cov.txt
8415_280,0,0.137916,,,,,8415_28,S.8415.284.R1.match.sdr.cov.txt
8415_380,0,0.138006,,,,,8415_38,S.8415.384.R1.match.sdr.cov.txt
8412_458,0,0.138262,,,,,8412_458,S.8412.462.R1.match.sdr.cov.txt
8412_068,0,0.138535,,,,,8412_068,S.8412.068.R1.match.sdr.cov.txt
8415_015,2,0.138772,,,,,8415_015,S.8415.019.R1.match.sdr.cov.txt
8412_350,2,0.138862,,,,,8412_35,S.8412.354.R1.match.sdr.cov.txt
8412_349,3,0.13909,,,,,8412_349,S.8412.353.R1.match.sdr.cov.txt
8412_429,1,0.139254,,,,,8412_429,S.8412.433.R1.match.sdr.cov.txt
8412_125,4,0.139379,,,,,8412_125,S.8412.125.R1.match.sdr.cov.txt
8415_005,4,0.139586,,,,,8415_005,S.8415.009.R1.match.sdr.cov.txt
8412_415,2,0.139745,,,,,8412_415,S.8412.419.R1.match.sdr.cov.txt
8415_068,4,0.139905,,,,,8415_068,S.8415.072.R1.match.sdr.cov.txt
8412_463,0,0.139951,,,,,8412_463,S.8412.467.R1.match.sdr.cov.txt
8415_341,4,0.140347,,,,,8415_341,S.8415.345.R1.match.sdr.cov.txt
8412_452,0,0.140421,,,,,8412_452,S.8412.456.R1.match.sdr.cov.txt
8412_443,1,0.140714,,,,,8412_443,S.8412.447.R1.match.sdr.cov.txt
8415_135,0,0.140761,,,,,8415_135,S.8415.139.R1.match.sdr.cov.txt
8415_254,1,0.14078,,,,,8415_254,S.8415.258.R1.match.sdr.cov.txt
8415_197,1,0.140782,,,,,8415_197,S.8415.201.R1.match.sdr.cov.txt
8412_268,2,0.140814,,,,,8412_268,S.8412.268.R1.match.sdr.cov.txt
8412_474,2,0.14102,,,,,8412_474,S.8412.478.R1.match.sdr.cov.txt
8412_418,1,0.141047,,,,,8412_418,S.8412.422.R1.match.sdr.cov.txt
8412_187,0,0.141241,,,,,8412_187,S.8412.187.R1.match.sdr.cov.txt
8412_071,2,0.141434,,,,,8412_071,S.8412.071.R1.match.sdr.cov.txt
8415_020,2,0.141515,,,,,8415_02,S.8415.024.R1.match.sdr.cov.txt
8415_330,1,0.141677,,,,,8415_33,S.8415.334.R1.match.sdr.cov.txt
8412_126,0,0.141921,,,,,8412_126,S.8412.126.R1.match.sdr.cov.txt
8415_150,2,0.142145,,,,,8415_15,S.8415.154.R1.match.sdr.cov.txt
8412_045,0,0.142169,,,,,8412_045,S.8412.045.R1.match.sdr.cov.txt
8415_295,2,0.142187,,,,,8415_295,S.8415.299.R1.match.sdr.cov.txt
8415_060,4,0.142316,,,,,8415_06,S.8415.064.R1.match.sdr.cov.txt
8415_061,0,0.14246,,,,,8415_061,S.8415.065.R1.match.sdr.cov.txt
8412_151,0,0.142659,,,,,8412_151,S.8412.151.R1.match.sdr.cov.txt
8412_282,0,0.142912,,,,,8412_282,S.8412.282.R1.match.sdr.cov.txt
8415_043,1,0.143079,,,,,8415_043,S.8415.047.R1.match.sdr.cov.txt
8412_460,2,0.143177,,,,,8412_46,S.8412.464.R1.match.sdr.cov.txt
8415_260,0,0.143187,,,,,8415_26,S.8415.264.R1.match.sdr.cov.txt
8412_173,2,0.14374,,,,,8412_173,S.8412.173.R1.match.sdr.cov.txt
8415_265,0,0.143749,,,,,8415_265,S.8415.269.R1.match.sdr.cov.txt
8415_226,0,0.143807,,,,,8415_226,S.8415.23.R1.match.sdr.cov.txt
8415_104,1,0.143875,,,,,8415_104,S.8415.108.R1.match.sdr.cov.txt
8415_106,1,0.143885,,,,,8415_106,S.8415.11.R1.match.sdr.cov.txt
8415_154,2,0.144209,,,,,8415_154,S.8415.158.R1.match.sdr.cov.txt
8412_396,1,0.144219,,,,,8412_396,S.8412.4.R1.match.sdr.cov.txt
8415_112,0,0.144331,,,,,8415_112,S.8415.116.R1.match.sdr.cov.txt
8412_155,0,0.144397,,,,,8412_155,S.8412.155.R1.match.sdr.cov.txt
8412_486,0,0.14461,,,,,8412_486,S.8415.003.R1.match.sdr.cov.txt
8415_184,0,0.14466,,,,,8415_184,S.8415.188.R1.match.sdr.cov.txt
8415_155,4,0.144795,,,,,8415_155,S.8415.159.R1.match.sdr.cov.txt
8412_043,3,0.14494,,,,,8412_043,S.8412.043.R1.match.sdr.cov.txt
8415_012,1,0.145024,,,,,8415_012,S.8415.016.R1.match.sdr.cov.txt
8415_432,0,0.145179,,,,,8415_432,S.8415.436.R1.match.sdr.cov.txt
8412_343,0,0.145196,,,,,8412_343,S.8412.347.R1.match.sdr.cov.txt
8412_451,0,0.145379,,,,,8412_451,S.8412.455.R1.match.sdr.cov.txt
8415_228,0,0.145442,,,,,8415_228,S.8415.232.R1.match.sdr.cov.txt
8415_212,0,0.145766,,,,,8415_212,S.8415.216.R1.match.sdr.cov.txt
8412_326,1,0.14584,,,,,8412_326,S.8412.33.R1.match.sdr.cov.txt
8412_165,4,0.14603,,,,,8412_165,S.8412.165.R1.match.sdr.cov.txt
8412_432,1,0.146066,,,,,8412_432,S.8412.436.R1.match.sdr.cov.txt
8412_100,2,0.146074,,,,,8412_100,S.8412.1.R1.match.sdr.cov.txt
8412_413,0,0.146409,,,,,8412_413,S.8412.417.R1.match.sdr.cov.txt
8412_033,2,0.146467,,,,,8412_033,S.8412.033.R1.match.sdr.cov.txt
8415_152,0,0.146569,,,,,8415_152,S.8415.156.R1.match.sdr.cov.txt
8415_070,2,0.1466,,,,,8415_07,S.8415.074.R1.match.sdr.cov.txt
8412_384,1,0.146766,,,,,8412_384,S.8412.388.R1.match.sdr.cov.txt
8412_089,2,0.146891,,,,,8412_089,S.8412.089.R1.match.sdr.cov.txt
8412_253,2,0.14691,,,,,8412_253,S.8412.253.R1.match.sdr.cov.txt
8412_218,0,0.147329,,,,,8412_218,S.8412.218.R1.match.sdr.cov.txt
8415_323,0,0.147506,,,,,8415_323,S.8415.327.R1.match.sdr.cov.txt
8415_355,4,0.14753,,,,,8415_355,S.8415.359.R1.match.sdr.cov.txt
8412_169,0,0.147542,,,,,8412_169,S.8412.169.R1.match.sdr.cov.txt
8412_184,2,0.147641,,,,,8412_184,S.8412.184.R1.match.sdr.cov.txt
8412_301,2,0.147866,,,,,8412_301,S.8412.301.R1.match.sdr.cov.txt
8415_151,4,0.147951,,,,,8415_151,S.8415.155.R1.match.sdr.cov.txt
8412_441,3,0.14839,,,,,8412_441,S.8412.445.R1.match.sdr.cov.txt
8415_354,0,0.148437,,,,,8415_354,S.8415.358.R1.match.sdr.cov.txt
8415_199,0,0.148465,,,,,8415_199,S.8415.203.R1.match.sdr.cov.txt
8412_409,0,0.148752,,,,,8412_409,S.8412.413.R1.match.sdr.cov.txt
8415_358,0,0.148989,,,,,8415_358,S.8415.362.R1.match.sdr.cov.txt
8415_342,4,0.149025,,,,,8415_342,S.8415.346.R1.match.sdr.cov.txt
8412_265,2,0.149152,,,,,8412_265,S.8412.265.R1.match.sdr.cov.txt
8415_079,1,0.149154,,,,,8415_079,S.8415.083.R1.match.sdr.cov.txt
8415_198,0,0.149291,,,,,8415_198,S.8415.202.R1.match.sdr.cov.txt
8412_130,4,0.149559,,,,,8412_130,S.8412.13.R1.match.sdr.cov.txt
8412_055,4,0.149625,,,,,8412_055,S.8412.055.R1.match.sdr.cov.txt
8415_286,4,0.149661,,,,,8415_286,S.8415.29.R1.match.sdr.cov.txt
8415_045,3,0.14969,,,,,8415_045,S.8415.049.R1.match.sdr.cov.txt
8415_165,2,0.149716,,,,,8415_165,S.8415.169.R1.match.sdr.cov.txt
8415_256,0,0.149865,,,,,8415_256,S.8415.26.R1.match.sdr.cov.txt
8412_163,0,0.149881,,,,,8412_163,S.8412.163.R1.match.sdr.cov.txt
8412_083,2,0.149957,,,,,8412_083,S.8412.083.R1.match.sdr.cov.txt
8412_434,1,0.149966,,,,,8412_434,S.8412.438.R1.match.sdr.cov.txt
8412_444,2,0.149971,,,,,8412_444,S.8412.448.R1.match.sdr.cov.txt
8412_140,2,0.150356,,,,,8412_140,S.8412.14.R1.match.sdr.cov.txt
8415_211,0,0.150402,,,,,8415_211,S.8415.215.R1.match.sdr.cov.txt
8415_291,4,0.150577,,,,,8415_291,S.8415.295.R1.match.sdr.cov.txt
8415_192,0,0.150855,,,,,8415_192,S.8415.196.R1.match.sdr.cov.txt
8415_369,1,0.151136,,,,,8415_369,S.8415.373.R1.match.sdr.cov.txt
8412_400,1,0.151186,,,,,8412_4,S.8412.404.R1.match.sdr.cov.txt
8412_048,0,0.151272,,,,,8412_048,S.8412.048.R1.match.sdr.cov.txt
8412_359,2,0.151686,,,,,8412_359,S.8412.363.R1.match.sdr.cov.txt
8412_080,2,0.151836,,,,,8412_080,S.8412.08.R1.match.sdr.cov.txt
8412_258,2,0.151917,,,,,8412_258,S.8412.258.R1.match.sdr.cov.txt
8415_324,0,0.152074,,,,,8415_324,S.8415.328.R1.match.sdr.cov.txt
8412_032,2,0.152287,,,,,8412_032,S.8412.032.R1.match.sdr.cov.txt
8415_348,4,0.152389,,,,,8415_348,S.8415.352.R1.match.sdr.cov.txt
8415_116,0,0.152551,,,,,8415_116,S.8415.12.R1.match.sdr.cov.txt
8415_202,0,0.152577,,,,,8415_202,S.8415.206.R1.match.sdr.cov.txt
8412_291,1,0.152647,,,,,8412_291,S.8412.291.R1.match.sdr.cov.txt
8412_283,1,0.152664,,,,,8412_283,S.8412.283.R1.match.sdr.cov.txt
8412_327,0,0.152865,,,,,8412_327,S.8412.331.R1.match.sdr.cov.txt
8412_056,3,0.152942,,,,,8412_056,S.8412.056.R1.match.sdr.cov.txt
8412_018,4,0.153157,,,,,8412_018,S.8412.018.R1.match.sdr.cov.txt
8415_093,2,0.153164,,,,,8415_093,S.8415.097.R1.match.sdr.cov.txt
8412_123,0,0.153284,,,,,8412_123,S.8412.123.R1.match.sdr.cov.txt
8415_157,2,0.153502,,,,,8415_157,S.8415.161.R1.match.sdr.cov.txt
8415_027,0,0.153526,,,,,8415_027,S.8415.031.R1.match.sdr.cov.txt
8412_087,3,0.153907,,,,,8412_087,S.8412.087.R1.match.sdr.cov.txt
8415_405,3,0.15393,,,,,8415_405,S.8415.409.R1.match.sdr.cov.txt
8412_330,2,0.154397,,,,,8412_33,S.8412.334.R1.match.sdr.cov.txt
8412_177,1,0.154474,,,,,8412_177,S.8412.177.R1.match.sdr.cov.txt
8415_415,1,0.154625,,,,,8415_415,S.8415.419.R1.match.sdr.cov.txt
8412_440,2,0.154825,,,,,8412_44,S.8412.444.R1.match.sdr.cov.txt
8412_316,0,0.154872,,,,,8412_316,S.8412.32.R1.match.sdr.cov.txt
8412_132,2,0.154895,,,,,8412_132,S.8412.132.R1.match.sdr.cov.txt
8415_075,0,0.155435,,,,,8415_075,S.8415.079.R1.match.sdr.cov.txt
8412_049,3,0.15552,,,,,8412_049,S.8412.049.R1.match.sdr.cov.txt
8415_384,2,0.155645,,,,,8415_384,S.8415.388.R1.match.sdr.cov.txt
8415_234,0,0.15566,,,,,8415_234,S.8415.238.R1.match.sdr.cov.txt
8415_313,1,0.155734,,,,,8415_313,S.8415.317.R1.match.sdr.cov.txt
8412_304,0,0.155771,,,,,8412_304,S.8412.304.R1.match.sdr.cov.txt
8415_140,1,0.155905,,,,,8415_14,S.8415.144.R1.match.sdr.cov.txt
8415_030,0,0.15597,,,,,8415_03,S.8415.034.R1.match.sdr.cov.txt
8412_485,0,0.156027,,,,,8412_485,S.8415.002.R1.match.sdr.cov.txt
8415_292,2,0.156191,,,,,8415_292,S.8415.296.R1.match.sdr.cov.txt
8415_123,2,0.156235,,,,,8415_123,S.8415.127.R1.match.sdr.cov.txt
8412_424,0,0.156367,,,,,8412_424,S.8412.428.R1.match.sdr.cov.txt
8412_158,2,0.15637,,,,,8412_158,S.8412.158.R1.match.sdr.cov.txt
8412_367,0,0.156591,,,,,8412_367,S.8412.371.R1.match.sdr.cov.txt
8412_134,1,0.156605,,,,,8412_134,S.8412.134.R1.match.sdr.cov.txt
8415_300,2,0.156727,,,,,8415_3,S.8415.304.R1.match.sdr.cov.txt
8415_365,0,0.157592,,,,,8415_365,S.8415.369.R1.match.sdr.cov.txt
8412_401,3,0.158137,,,,,8412_401,S.8412.405.R1.match.sdr.cov.txt
8415_064,2,0.158299,,,,,8415_064,S.8415.068.R1.match.sdr.cov.txt
8412_381,3,0.158326,,,,,8412_381,S.8412.385.R1.match.sdr.cov.txt
8412_399,0,0.158506,,,,,8412_399,S.8412.403.R1.match.sdr.cov.txt
8412_127,4,0.158511,,,,,8412_127,S.8412.127.R1.match.sdr.cov.txt
3582_02,0,0.158631,,,,,3582_02,S.3582.002.R1.match.sdr.cov.txt
8415_121,2,0.15869,,,,,8415_121,S.8415.125.R1.match.sdr.cov.txt
8412_066,1,0.158706,,,,,8412_066,S.8412.066.R1.match.sdr.cov.txt
8415_278,1,0.158772,,,,,8415_278,S.8415.282.R1.match.sdr.cov.txt
8415_266,1,0.158802,,,,,8415_266,S.8415.27.R1.match.sdr.cov.txt
8415_086,2,0.158819,,,,,8415_086,S.8415.09.R1.match.sdr.cov.txt
8412_332,3,0.159005,,,,,8412_332,S.8412.336.R1.match.sdr.cov.txt
8412_422,3,0.159094,,,,,8412_422,S.8412.426.R1.match.sdr.cov.txt
8415_362,0,0.159371,,,,,8415_362,S.8415.366.R1.match.sdr.cov.txt
8415_340,1,0.159481,,,,,8415_34,S.8415.344.R1.match.sdr.cov.txt
8412_189,0,0.159614,,,,,8412_189,S.8412.189.R1.match.sdr.cov.txt
8415_066,0,0.159677,,,,,8415_066,S.8415.07.R1.match.sdr.cov.txt
8415_288,2,0.16013,,,,,8415_288,S.8415.292.R1.match.sdr.cov.txt
8415_105,2,0.160141,,,,,8415_105,S.8415.109.R1.match.sdr.cov.txt
8412_447,2,0.16018,,,,,8412_447,S.8412.451.R1.match.sdr.cov.txt
8412_442,0,0.160491,,,,,8412_442,S.8412.446.R1.match.sdr.cov.txt
8415_363,0,0.160534,,,,,8415_363,S.8415.367.R1.match.sdr.cov.txt
8412_403,2,0.160597,,,,,8412_403,S.8412.407.R1.match.sdr.cov.txt
8415_235,2,0.160717,,,,,8415_235,S.8415.239.R1.match.sdr.cov.txt
8415_229,2,0.160924,,,,,8415_229,S.8415.233.R1.match.sdr.cov.txt
8415_413,4,0.160932,,,,,8415_413,S.8415.417.R1.match.sdr.cov.txt
8415_126,2,0.161187,,,,,8415_126,S.8415.13.R1.match.sdr.cov.txt
8412_394,2,0.161265,,,,,8412_394,S.8412.398.R1.match.sdr.cov.txt
8415_329,0,0.16129,,,,,8415_329,S.8415.333.R1.match.sdr.cov.txt
8412_070,2,0.161395,,,,,8412_070,S.8412.07.R1.match.sdr.cov.txt
8412_022,1,0.161684,,,,,8412_022,S.8412.022.R1.match.sdr.cov.txt
8412_117,0,0.16192,,,,,8412_117,S.8412.117.R1.match.sdr.cov.txt
8412_237,1,0.161986,,,,,8412_237,S.8412.237.R1.match.sdr.cov.txt
8415_094,0,0.16199,,,,,8415_094,S.8415.098.R1.match.sdr.cov.txt
8412_183,0,0.162116,,,,,8412_183,S.8412.183.R1.match.sdr.cov.txt
8415_072,3,0.162357,,,,,8415_072,S.8415.076.R1.match.sdr.cov.txt
8415_238,1,0.1624,,,,,8415_238,S.8415.242.R1.match.sdr.cov.txt
8412_411,2,0.162506,,,,,8412_411,S.8412.415.R1.match.sdr.cov.txt
8415_022,2,0.162556,,,,,8415_022,S.8415.026.R1.match.sdr.cov.txt
8415_443,0,0.162572,,,,,8415_443,S.8415.447.R1.match.sdr.cov.txt
8412_430,0,0.16259,,,,,8412_43,S.8412.434.R1.match.sdr.cov.txt
8415_207,1,0.162644,,,,,8415_207,S.8415.211.R1.match.sdr.cov.txt
8415_057,0,0.162664,,,,,8415_057,S.8415.061.R1.match.sdr.cov.txt
8412_353,2,0.16315,,,,,8412_353,S.8412.357.R1.match.sdr.cov.txt
8415_099,2,0.163452,,,,,8415_099,S.8415.103.R1.match.sdr.cov.txt
8415_403,3,0.16384,,,,,8415_403,S.8415.407.R1.match.sdr.cov.txt
8415_422,2,0.163924,,,,,8415_422,S.8415.426.R1.match.sdr.cov.txt
8412_482,0,0.163962,,,,,8412_482,S.8412.486.R1.match.sdr.cov.txt
8415_360,1,0.164152,,,,,8415_36,S.8415.364.R1.match.sdr.cov.txt
8415_209,2,0.164182,,,,,8415_209,S.8415.213.R1.match.sdr.cov.txt
8415_361,3,0.164209,,,,,8415_361,S.8415.365.R1.match.sdr.cov.txt
8412_433,3,0.16436,,,,,8412_433,S.8412.437.R1.match.sdr.cov.txt
8415_262,0,0.164375,,,,,8415_262,S.8415.266.R1.match.sdr.cov.txt
8412_319,0,0.16448,,,,,8412_319,S.8412.323.R1.match.sdr.cov.txt
8415_319,0,0.164581,,,,,8415_319,S.8415.323.R1.match.sdr.cov.txt
8412_041,0,0.164682,,,,,8412_041,S.8412.041.R1.match.sdr.cov.txt
8415_272,3,0.164776,,,,,8415_272,S.8415.276.R1.match.sdr.cov.txt
8412_352,0,0.164909,,,,,8412_352,S.8412.356.R1.match.sdr.cov.txt
8415_232,0,0.16537,,,,,8415_232,S.8415.236.R1.match.sdr.cov.txt
8412_333,1,0.165426,,,,,8412_333,S.8412.337.R1.match.sdr.cov.txt
8412_340,2,0.165465,,,,,8412_34,S.8412.344.R1.match.sdr.cov.txt
8415_159,2,0.16551,,,,,8415_159,S.8415.163.R1.match.sdr.cov.txt
8412_277,2,0.165544,,,,,8412_277,S.8412.277.R1.match.sdr.cov.txt
8415_048,4,0.165735,,,,,8415_048,S.8415.052.R1.match.sdr.cov.txt
8412_345,1,0.165774,,,,,8412_345,S.8412.349.R1.match.sdr.cov.txt
8412_393,2,0.166081,,,,,8412_393,S.8412.397.R1.match.sdr.cov.txt
8415_297,4,0.166341,,,,,8415_297,S.8415.301.R1.match.sdr.cov.txt
8415_217,1,0.166365,,,,,8415_217,S.8415.221.R1.match.sdr.cov.txt
8412_466,4,0.166414,,,,,8412_466,S.8412.47.R1.match.sdr.cov.txt
8412_213,1,0.166512,,,,,8412_213,S.8412.213.R1.match.sdr.cov.txt
8415_418,1,0.16662,,,,,8415_418,S.8415.422.R1.match.sdr.cov.txt
8412_220,1,0.166671,,,,,8412_220,S.8412.22.R1.match.sdr.cov.txt
8412_062,0,0.167116,,,,,8412_062,S.8412.062.R1.match.sdr.cov.txt
8415_163,0,0.167224,,,,,8415_163,S.8415.167.R1.match.sdr.cov.txt
8415_205,0,0.167237,,,,,8415_205,S.8415.209.R1.match.sdr.cov.txt
8415_148,0,0.167294,,,,,8415_148,S.8415.152.R1.match.sdr.cov.txt
8412_480,1,0.167412,,,,,8412_48,S.8412.484.R1.match.sdr.cov.txt
8412_180,0,0.167455,,,,,8412_180,S.8412.18.R1.match.sdr.cov.txt
8412_324,3,0.167592,,,,,8412_324,S.8412.328.R1.match.sdr.cov.txt
8415_351,1,0.1677,,,,,8415_351,S.8415.355.R1.match.sdr.cov.txt
8415_357,2,0.167874,,,,,8415_357,S.8415.361.R1.match.sdr.cov.txt
8415_441,1,0.168355,,,,,8415_441,S.8415.445.R1.match.sdr.cov.txt
8415_231,0,0.168526,,,,,8415_231,S.8415.235.R1.match.sdr.cov.txt
8415_026,0,0.168785,,,,,8415_026,S.8415.03.R1.match.sdr.cov.txt
8412_091,2,0.168795,,,,,8412_091,S.8412.091.R1.match.sdr.cov.txt
8412_182,2,0.168845,,,,,8412_182,S.8412.182.R1.match.sdr.cov.txt
8415_134,0,0.168935,,,,,8415_134,S.8415.138.R1.match.sdr.cov.txt
8415_078,1,0.169105,,,,,8415_078,S.8415.082.R1.match.sdr.cov.txt
8412_061,4,0.169144,,,,,8412_061,S.8412.061.R1.match.sdr.cov.txt
8415_445,0,0.169266,,,,,8415_445,S.8415.449.R1.match.sdr.cov.txt
8415_391,1,0.169615,,,,,8415_391,S.8415.395.R1.match.sdr.cov.txt
8415_059,0,0.169634,,,,,8415_059,S.8415.063.R1.match.sdr.cov.txt
8412_228,1,0.169671,,,,,8412_228,S.8412.228.R1.match.sdr.cov.txt
8412_331,2,0.169701,,,,,8412_331,S.8412.335.R1.match.sdr.cov.txt
8412_435,0,0.169839,,,,,8412_435,S.8412.439.R1.match.sdr.cov.txt
8415_246,0,0.170109,,,,,8415_246,S.8415.25.R1.match.sdr.cov.txt
8415_062,2,0.170284,,,,,8415_062,S.8415.066.R1.match.sdr.cov.txt
8415_399,2,0.170549,,,,,8415_399,S.8415.403.R1.match.sdr.cov.txt
8415_044,0,0.171004,,,,,8415_044,S.8415.048.R1.match.sdr.cov.txt
8412_147,0,0.171707,,,,,8412_147,S.8412.147.R1.match.sdr.cov.txt
8412_171,0,0.171812,,,,,8412_171,S.8412.171.R1.match.sdr.cov.txt
8412_261,1,0.171906,,,,,8412_261,S.8412.261.R1.match.sdr.cov.txt
8415_056,3,0.172274,,,,,8415_056,S.8415.06.R1.match.sdr.cov.txt
8412_453,1,0.172381,,,,,8412_453,S.8412.457.R1.match.sdr.cov.txt
8412_124,1,0.172397,,,,,8412_124,S.8412.124.R1.match.sdr.cov.txt
8412_233,0,0.172645,,,,,8412_233,S.8412.233.R1.match.sdr.cov.txt
8412_455,3,0.172726,,,,,8412_455,S.8412.459.R1.match.sdr.cov.txt
8412_314,-,0.17302,,,,,,S.8412.318.R1.match.sdr.cov.txt
8412_310,2,0.173042,,,,,8412_310,S.8412.31.R1.match.sdr.cov.txt
8412_361,2,0.173554,,,,,8412_361,S.8412.365.R1.match.sdr.cov.txt
8412_097,0,0.173595,,,,,8412_097,S.8412.097.R1.match.sdr.cov.txt
8412_232,0,0.173606,,,,,8412_232,S.8412.232.R1.match.sdr.cov.txt
8412_311,-,0.173612,,,,,,S.8412.315.R1.match.sdr.cov.txt
8415_201,3,0.173756,,,,,8415_201,S.8415.205.R1.match.sdr.cov.txt
8412_074,0,0.173894,,,,,8412_074,S.8412.074.R1.match.sdr.cov.txt
8415_221,2,0.174162,,,,,8415_221,S.8415.225.R1.match.sdr.cov.txt
8412_040,3,0.174284,,,,,8412_040,S.8412.04.R1.match.sdr.cov.txt
8415_327,2,0.174479,,,,,8415_327,S.8415.331.R1.match.sdr.cov.txt
8412_344,1,0.1745,,,,,8412_344,S.8412.348.R1.match.sdr.cov.txt
8412_047,0,0.174507,,,,,8412_047,S.8412.047.R1.match.sdr.cov.txt
8412_204,0,0.174554,,,,,8412_204,S.8412.204.R1.match.sdr.cov.txt
8415_242,1,0.174972,,,,,8415_242,S.8415.246.R1.match.sdr.cov.txt
8412_269,0,0.175004,,,,,8412_269,S.8412.269.R1.match.sdr.cov.txt
8412_231,4,0.175161,,,,,8412_231,S.8412.231.R1.match.sdr.cov.txt
8412_346,2,0.175469,,,,,8412_346,S.8412.35.R1.match.sdr.cov.txt
8415_388,1,0.175471,,,,,8415_388,S.8415.392.R1.match.sdr.cov.txt
8415_382,3,0.175512,,,,,8415_382,S.8415.386.R1.match.sdr.cov.txt
8415_144,2,0.175675,,,,,8415_144,S.8415.148.R1.match.sdr.cov.txt
8415_259,0,0.175851,,,,,8415_259,S.8415.263.R1.match.sdr.cov.txt
8216_01,0,0.175919,,,,,8216_01,S.8216.001.R1.match.sdr.cov.txt
8412_202,0,0.175969,,,,,8412_202,S.8412.202.R1.match.sdr.cov.txt
8415_293,0,0.176007,,,,,8415_293,S.8415.297.R1.match.sdr.cov.txt
8412_348,2,0.176239,,,,,8412_348,S.8412.352.R1.match.sdr.cov.txt
8415_084,2,0.176444,,,,,8415_084,S.8415.088.R1.match.sdr.cov.txt
8412_211,2,0.176564,,,,,8412_211,S.8412.211.R1.match.sdr.cov.txt
8415_440,2,0.17669,,,,,8415_44,S.8415.444.R1.match.sdr.cov.txt
8412_224,1,0.176959,,,,,8412_224,S.8412.224.R1.match.sdr.cov.txt
8412_005,0,0.177194,,,,,8412_005,S.8412.005.R1.match.sdr.cov.txt
8415_067,2,0.177334,,,,,8415_067,S.8415.071.R1.match.sdr.cov.txt
8412_150,0,0.177385,,,,,8412_150,S.8412.15.R1.match.sdr.cov.txt
8412_357,2,0.177799,,,,,8412_357,S.8412.361.R1.match.sdr.cov.txt
8415_352,0,0.177879,,,,,8415_352,S.8415.356.R1.match.sdr.cov.txt
8412_058,1,0.178144,,,,,8412_058,S.8412.058.R1.match.sdr.cov.txt
8412_347,2,0.178412,,,,,8412_347,S.8412.351.R1.match.sdr.cov.txt
8415_444,4,0.178442,,,,,8415_444,S.8415.448.R1.match.sdr.cov.txt
8412_376,0,0.178449,,,,,8412_376,S.8412.38.R1.match.sdr.cov.txt
8412_222,2,0.178675,,,,,8412_222,S.8412.222.R1.match.sdr.cov.txt
8412_148,0,0.179196,,,,,8412_148,S.8412.148.R1.match.sdr.cov.txt
8415_261,0,0.17923,,,,,8415_261,S.8415.265.R1.match.sdr.cov.txt
8415_091,2,0.179477,,,,,8415_091,S.8415.095.R1.match.sdr.cov.txt
8412_372,2,0.179672,,,,,8412_372,S.8412.376.R1.match.sdr.cov.txt
8415_306,0,0.179822,,,,,8415_306,S.8415.31.R1.match.sdr.cov.txt
8415_279,2,0.180505,,,,,8415_279,S.8415.283.R1.match.sdr.cov.txt
8412_195,1,0.18091,,,,,8412_195,S.8412.195.R1.match.sdr.cov.txt
8415_431,1,0.181056,,,,,8415_431,S.8415.435.R1.match.sdr.cov.txt
8412_102,3,0.181174,,,,,8412_102,S.8412.102.R1.match.sdr.cov.txt
8412_404,1,0.181947,,,,,8412_404,S.8412.408.R1.match.sdr.cov.txt
8412_238,3,0.182187,,,,,8412_238,S.8412.238.R1.match.sdr.cov.txt
8412_002,1,0.182241,,,,,8412_002,S.8412.002.R1.match.sdr.cov.txt
8412_368,1,0.182385,,,,,8412_368,S.8412.372.R1.match.sdr.cov.txt
8412_449,2,0.182386,,,,,8412_449,S.8412.453.R1.match.sdr.cov.txt
8412_197,1,0.182726,,,,,8412_197,S.8412.197.R1.match.sdr.cov.txt
8412_459,2,0.182991,,,,,8412_459,S.8412.463.R1.match.sdr.cov.txt
8412_388,2,0.183086,,,,,8412_388,S.8412.392.R1.match.sdr.cov.txt
8412_450,2,0.183086,,,,,8412_45,S.8412.454.R1.match.sdr.cov.txt
8412_036,0,0.183235,,,,,8412_036,S.8412.036.R1.match.sdr.cov.txt
8412_192,1,0.183404,,,,,8412_192,S.8412.192.R1.match.sdr.cov.txt
8415_302,0,0.183479,,,,,8415_302,S.8415.306.R1.match.sdr.cov.txt
8412_188,2,0.183571,,,,,8412_188,S.8412.188.R1.match.sdr.cov.txt
8415_366,4,0.183975,,,,,8415_366,S.8415.37.R1.match.sdr.cov.txt
8415_394,0,0.184347,,,,,8415_394,S.8415.398.R1.match.sdr.cov.txt
8415_416,1,0.18438,,,,,8415_416,S.8415.42.R1.match.sdr.cov.txt
8415_426,0,0.184444,,,,,8415_426,S.8415.43.R1.match.sdr.cov.txt
8412_416,0,0.184675,,,,,8412_416,S.8412.42.R1.match.sdr.cov.txt
8412_111,2,0.185009,,,,,8412_111,S.8412.111.R1.match.sdr.cov.txt
8412_133,2,0.185696,,,,,8412_133,S.8412.133.R1.match.sdr.cov.txt
8412_109,2,0.185841,,,,,8412_109,S.8412.109.R1.match.sdr.cov.txt
8412_407,1,0.185985,,,,,8412_407,S.8412.411.R1.match.sdr.cov.txt
8415_356,2,0.186019,,,,,8415_356,S.8415.36.R1.match.sdr.cov.txt
8412_161,0,0.186377,,,,,8412_161,S.8412.161.R1.match.sdr.cov.txt
8412_335,1,0.186932,,,,,8412_335,S.8412.339.R1.match.sdr.cov.txt
8415_139,2,0.187006,,,,,8415_139,S.8415.143.R1.match.sdr.cov.txt
8412_235,2,0.187105,,,,,8412_235,S.8412.235.R1.match.sdr.cov.txt
8412_355,2,0.187135,,,,,8412_355,S.8412.359.R1.match.sdr.cov.txt
8412_351,2,0.187142,,,,,8412_351,S.8412.355.R1.match.sdr.cov.txt
8415_328,0,0.187235,,,,,8415_328,S.8415.332.R1.match.sdr.cov.txt
8412_167,0,0.187264,,,,,8412_167,S.8412.167.R1.match.sdr.cov.txt
8412_454,0,0.187381,,,,,8412_454,S.8412.458.R1.match.sdr.cov.txt
8412_484,0,0.187774,,,,,8412_484,S.8415.001.R1.match.sdr.cov.txt
8412_038,1,0.187821,,,,,8412_038,S.8412.038.R1.match.sdr.cov.txt
8415_438,3,0.18807,,,,,8415_438,S.8415.442.R1.match.sdr.cov.txt
8412_475,1,0.188095,,,,,8412_475,S.8412.479.R1.match.sdr.cov.txt
8412_309,2,0.18828,,,,,8412_309,S.8412.309.R1.match.sdr.cov.txt
8412_168,0,0.188459,,,,,8412_168,S.8412.168.R1.match.sdr.cov.txt
8415_311,1,0.188497,,,,,8415_311,S.8415.315.R1.match.sdr.cov.txt
8415_442,0,0.188556,,,,,8415_442,S.8415.446.R1.match.sdr.cov.txt
8412_378,2,0.188601,,,,,8412_378,S.8412.382.R1.match.sdr.cov.txt
8412_021,0,0.188716,,,,,8412_021,S.8412.021.R1.match.sdr.cov.txt
8415_305,0,0.1888,,,,,8415_305,S.8415.309.R1.match.sdr.cov.txt
8415_271,0,0.189295,,,,,8415_271,S.8415.275.R1.match.sdr.cov.txt
8415_417,0,0.189314,,,,,8415_417,S.8415.421.R1.match.sdr.cov.txt
8412_469,1,0.189474,,,,,8412_469,S.8412.473.R1.match.sdr.cov.txt
8415_011,2,0.189625,,,,,8415_011,S.8415.015.R1.match.sdr.cov.txt
8412_225,0,0.18994,,,,,8412_225,S.8412.225.R1.match.sdr.cov.txt
8412_023,1,0.190077,,,,,8412_023,S.8412.023.R1.match.sdr.cov.txt
8415_419,3,0.190575,,,,,8415_419,S.8415.423.R1.match.sdr.cov.txt
8415_268,2,0.190942,,,,,8415_268,S.8415.272.R1.match.sdr.cov.txt
8412_369,0,0.191115,,,,,8412_369,S.8412.373.R1.match.sdr.cov.txt
8412_436,2,0.19121,,,,,8412_436,S.8412.44.R1.match.sdr.cov.txt
8412_162,2,0.191277,,,,,8412_162,S.8412.162.R1.match.sdr.cov.txt
8216_04,0,0.191421,,,,,8216_04,S.8216.004.R1.match.sdr.cov.txt
8412_113,4,0.191429,,,,,8412_113,S.8412.113.R1.match.sdr.cov.txt
8412_118,2,0.191485,,,,,8412_118,S.8412.118.R1.match.sdr.cov.txt
8412_305,0,0.191672,,,,,8412_305,S.8412.305.R1.match.sdr.cov.txt
8412_267,2,0.191777,,,,,8412_267,S.8412.267.R1.match.sdr.cov.txt
8415_208,2,0.191845,,,,,8415_208,S.8415.212.R1.match.sdr.cov.txt
8415_345,0,0.191959,,,,,8415_345,S.8415.349.R1.match.sdr.cov.txt
8412_323,2,0.192231,,,,,8412_323,S.8412.327.R1.match.sdr.cov.txt
8415_239,0,0.192234,,,,,8415_239,S.8415.243.R1.match.sdr.cov.txt
8412_248,0,0.192272,,,,,8412_248,S.8412.248.R1.match.sdr.cov.txt
8415_250,0,0.192454,,,,,8415_25,S.8415.254.R1.match.sdr.cov.txt
8412_298,0,0.192551,,,,,8412_298,S.8412.298.R1.match.sdr.cov.txt
8412_060,2,0.192739,,,,,8412_060,S.8412.06.R1.match.sdr.cov.txt
8412_227,0,0.192755,,,,,8412_227,S.8412.227.R1.match.sdr.cov.txt
8415_004,0,0.193224,,,,,8415_004,S.8415.008.R1.match.sdr.cov.txt
8415_359,1,0.193401,,,,,8415_359,S.8415.363.R1.match.sdr.cov.txt
8415_307,4,0.193474,,,,,8415_307,S.8415.311.R1.match.sdr.cov.txt
8412_259,0,0.193572,,,,,8412_259,S.8412.259.R1.match.sdr.cov.txt
8415_375,0,0.194099,,,,,8415_375,S.8415.379.R1.match.sdr.cov.txt
8415_127,0,0.19423,,,,,8415_127,S.8415.131.R1.match.sdr.cov.txt
8415_435,0,0.19441,,,,,8415_435,S.8415.439.R1.match.sdr.cov.txt
8412_417,3,0.194506,,,,,8412_417,S.8412.421.R1.match.sdr.cov.txt
8412_079,2,0.194554,,,,,8412_079,S.8412.079.R1.match.sdr.cov.txt
8412_223,0,0.194985,,,,,8412_223,S.8412.223.R1.match.sdr.cov.txt
8412_313,1,0.195626,,,,,,S.8412.317.R1.match.sdr.cov.txt
8412_262,0,0.195666,,,,,8412_262,S.8412.262.R1.match.sdr.cov.txt
8415_379,0,0.195892,,,,,8415_379,S.8415.383.R1.match.sdr.cov.txt
8415_241,0,0.195902,,,,,8415_241,S.8415.245.R1.match.sdr.cov.txt
8415_161,2,0.195954,,,,,8415_161,S.8415.165.R1.match.sdr.cov.txt
8412_263,4,0.196072,,,,,8412_263,S.8412.263.R1.match.sdr.cov.txt
8412_077,0,0.196195,,,,,8412_077,S.8412.077.R1.match.sdr.cov.txt
8415_347,2,0.196607,,,,,8415_347,S.8415.351.R1.match.sdr.cov.txt
8415_368,1,0.196661,,,,,8415_368,S.8415.372.R1.match.sdr.cov.txt
8412_476,2,0.19705,,,,,8412_476,S.8412.48.R1.match.sdr.cov.txt
8412_116,1,0.197202,,,,,8412_116,S.8412.116.R1.match.sdr.cov.txt
8412_181,0,0.19736,,,,,8412_181,S.8412.181.R1.match.sdr.cov.txt
8412_175,0,0.197581,,,,,8412_175,S.8412.175.R1.match.sdr.cov.txt
8415_396,2,0.197709,,,,,8415_396,S.8415.4.R1.match.sdr.cov.txt
8415_128,2,0.197836,,,,,8415_128,S.8415.132.R1.match.sdr.cov.txt
7619_004,0,0.198405,,,,,7619_004,S.7619.004.R1.match.sdr.cov.txt
8412_295,3,0.198637,,,,,8412_295,S.8412.295.R1.match.sdr.cov.txt
8415_125,1,0.199102,,,,,8415_125,S.8415.129.R1.match.sdr.cov.txt
8412_252,0,0.199481,,,,,8412_252,S.8412.252.R1.match.sdr.cov.txt
8415_222,2,0.200161,,,,,8415_222,S.8415.226.R1.match.sdr.cov.txt
8415_113,0,0.20068,,,,,8415_113,S.8415.117.R1.match.sdr.cov.txt
8412_406,1,0.201096,,,,,8412_406,S.8412.41.R1.match.sdr.cov.txt
8415_303,1,0.201311,,,,,8415_303,S.8415.307.R1.match.sdr.cov.txt
8415_336,4,0.202055,,,,,8415_336,S.8415.34.R1.match.sdr.cov.txt
8415_315,1,0.202409,,,,,8415_315,S.8415.319.R1.match.sdr.cov.txt
8412_107,2,0.202916,,,,,8412_107,S.8412.107.R1.match.sdr.cov.txt
8412_245,0,0.203102,,,,,8412_245,S.8412.245.R1.match.sdr.cov.txt
8415_216,2,0.203306,,,,,8415_216,S.8415.22.R1.match.sdr.cov.txt
8415_395,2,0.203654,,,,,8415_395,S.8415.399.R1.match.sdr.cov.txt
8415_223,0,0.20366,,,,,8415_223,S.8415.227.R1.match.sdr.cov.txt
8412_339,2,0.203721,,,,,8412_339,S.8412.343.R1.match.sdr.cov.txt
8412_153,0,0.20421,,,,,8412_153,S.8412.153.R1.match.sdr.cov.txt
8412_214,0,0.204259,,,,,8412_214,S.8412.214.R1.match.sdr.cov.txt
8415_423,1,0.204477,,,,,8415_423,S.8415.427.R1.match.sdr.cov.txt
8412_481,1,0.20531,,,,,8412_481,S.8412.485.R1.match.sdr.cov.txt
8415_397,0,0.20556,,,,,8415_397,S.8415.401.R1.match.sdr.cov.txt
8415_344,0,0.20596,,,,,8415_344,S.8415.348.R1.match.sdr.cov.txt
8415_310,0,0.206025,,,,,8415_31,S.8415.314.R1.match.sdr.cov.txt
8412_172,2,0.206231,,,,,8412_172,S.8412.172.R1.match.sdr.cov.txt
8412_221,0,0.20687,,,,,8412_221,S.8412.221.R1.match.sdr.cov.txt
8415_430,2,0.206905,,,,,8415_43,S.8415.434.R1.match.sdr.cov.txt
8412_037,3,0.207405,,,,,8412_037,S.8412.037.R1.match.sdr.cov.txt
8415_393,2,0.207826,,,,,8415_393,S.8415.397.R1.match.sdr.cov.txt
8415_162,2,0.207891,,,,,8415_162,S.8415.166.R1.match.sdr.cov.txt
8412_012,0,0.208449,,,,,8412_012,S.8412.012.R1.match.sdr.cov.txt
8412_024,1,0.208776,,,,,8412_024,S.8412.024.R1.match.sdr.cov.txt
8415_410,1,0.208942,,,,,8415_41,S.8415.414.R1.match.sdr.cov.txt
8415_312,0,0.208965,,,,,8415_312,S.8415.316.R1.match.sdr.cov.txt
8412_249,2,0.209052,,,,,8412_249,S.8412.249.R1.match.sdr.cov.txt
8412_027,2,0.209259,,,,,8412_027,S.8412.027.R1.match.sdr.cov.txt
8412_011,2,0.209382,,,,,8412_011,S.8412.011.R1.match.sdr.cov.txt
8412_193,2,0.209479,,,,,8412_193,S.8412.193.R1.match.sdr.cov.txt
8412_014,0,0.209506,,,,,8412_014,S.8412.014.R1.match.sdr.cov.txt
8415_318,2,0.209514,,,,,8415_318,S.8415.322.R1.match.sdr.cov.txt
8412_051,4,0.209547,,,,,8412_051,S.8412.051.R1.match.sdr.cov.txt
8415_240,3,0.209964,,,,,8415_24,S.8415.244.R1.match.sdr.cov.txt
8412_360,0,0.210827,,,,,8412_36,S.8412.364.R1.match.sdr.cov.txt
8412_101,1,0.210835,,,,,8412_101,S.8412.101.R1.match.sdr.cov.txt
8415_019,2,0.211327,,,,,8415_019,S.8415.023.R1.match.sdr.cov.txt
8412_115,0,0.211656,,,,,8412_115,S.8412.115.R1.match.sdr.cov.txt
8412_212,2,0.211665,,,,,8412_212,S.8412.212.R1.match.sdr.cov.txt
8412_236,0,0.211752,,,,,8412_236,S.8412.236.R1.match.sdr.cov.txt
8412_251,1,0.211769,,,,,8412_251,S.8412.251.R1.match.sdr.cov.txt
8412_203,0,0.211846,,,,,8412_203,S.8412.203.R1.match.sdr.cov.txt
8412_017,0,0.211865,,,,,8412_017,S.8412.017.R1.match.sdr.cov.txt
3582_03,0,0.212079,,,,,3582_03,S.3582.003.R1.match.sdr.cov.txt
8412_178,0,0.212214,,,,,8412_178,S.8412.178.R1.match.sdr.cov.txt
8412_004,2,0.212572,,,,,8412_004,S.8412.004.R1.match.sdr.cov.txt
8412_146,2,0.21281,,,,,8412_146,S.8412.146.R1.match.sdr.cov.txt
8415_287,0,0.21299,,,,,8415_287,S.8415.291.R1.match.sdr.cov.txt
8412_312,1,0.213307,,,,,,S.8412.316.R1.match.sdr.cov.txt
8412_121,2,0.213355,,,,,8412_121,S.8412.121.R1.match.sdr.cov.txt
8412_358,2,0.213869,,,,,8412_358,S.8412.362.R1.match.sdr.cov.txt
8412_120,1,0.214706,,,,,8412_120,S.8412.12.R1.match.sdr.cov.txt
8232_05,0,0.215104,,,,,8232_05,S.8232.005.R1.match.sdr.cov.txt
8412_234,0,0.215105,,,,,8412_234,S.8412.234.R1.match.sdr.cov.txt
8412_471,0,0.215537,,,,,8412_471,S.8412.475.R1.match.sdr.cov.txt
8412_031,2,0.215617,,,,,8412_031,S.8412.031.R1.match.sdr.cov.txt
8412_098,2,0.215635,,,,,8412_098,S.8412.098.R1.match.sdr.cov.txt
8412_247,2,0.215914,,,,,8412_247,S.8412.247.R1.match.sdr.cov.txt
8412_001,1,0.216156,,,,,8412_001,S.8412.001.R1.match.sdr.cov.txt
8412_035,0,0.216205,,,,,8412_035,S.8412.035.R1.match.sdr.cov.txt
8415_294,1,0.21623,,,,,8415_294,S.8415.298.R1.match.sdr.cov.txt
8412_110,2,0.21641,,,,,8412_110,S.8412.11.R1.match.sdr.cov.txt
8415_437,2,0.21701,,,,,8415_437,S.8415.441.R1.match.sdr.cov.txt
8412_371,1,0.217084,,,,,8412_371,S.8412.375.R1.match.sdr.cov.txt
8412_257,2,0.218531,,,,,8412_257,S.8412.257.R1.match.sdr.cov.txt
8412_164,0,0.218647,,,,,8412_164,S.8412.164.R1.match.sdr.cov.txt
8412_050,2,0.219266,,,,,8412_050,S.8412.05.R1.match.sdr.cov.txt
8412_272,1,0.219995,,,,,8412_272,S.8412.272.R1.match.sdr.cov.txt
8415_436,4,0.220271,,,,,8415_436,S.8415.44.R1.match.sdr.cov.txt
8216_03,0,0.220287,,,,,8216_03,S.8216.003.R1.match.sdr.cov.txt
8412_462,0,0.220751,,,,,8412_462,S.8412.466.R1.match.sdr.cov.txt
8415_425,4,0.220822,,,,,8415_425,S.8415.429.R1.match.sdr.cov.txt
8412_322,0,0.220835,,,,,8412_322,S.8412.326.R1.match.sdr.cov.txt
8412_315,1,0.220977,,,,,8412_315,S.8412.319.R1.match.sdr.cov.txt
8412_219,1,0.221552,,,,,8412_219,S.8412.219.R1.match.sdr.cov.txt
8415_367,4,0.222407,,,,,8415_367,S.8415.371.R1.match.sdr.cov.txt
8412_362,1,0.222577,,,,,8412_362,S.8412.366.R1.match.sdr.cov.txt
8415_383,4,0.223449,,,,,8415_383,S.8415.387.R1.match.sdr.cov.txt
8412_065,2,0.223605,,,,,8412_065,S.8412.065.R1.match.sdr.cov.txt
8412_057,0,0.223835,,,,,8412_057,S.8412.057.R1.match.sdr.cov.txt
8415_371,0,0.224162,,,,,8415_371,S.8415.375.R1.match.sdr.cov.txt
8412_244,0,0.224331,,,,,8412_244,S.8412.244.R1.match.sdr.cov.txt
8415_200,0,0.225001,,,,,8415_2,S.8415.204.R1.match.sdr.cov.txt
8415_237,0,0.225166,,,,,8415_237,S.8415.241.R1.match.sdr.cov.txt
8412_239,3,0.226879,,,,,8412_239,S.8412.239.R1.match.sdr.cov.txt
8415_275,1,0.22716,,,,,8415_275,S.8415.279.R1.match.sdr.cov.txt
8415_374,0,0.227356,,,,,8415_374,S.8415.378.R1.match.sdr.cov.txt
8415_107,0,0.227714,,,,,8415_107,S.8415.111.R1.match.sdr.cov.txt
8415_389,0,0.227721,,,,,8415_389,S.8415.393.R1.match.sdr.cov.txt
8415_381,0,0.228394,,,,,8415_381,S.8415.385.R1.match.sdr.cov.txt
8415_296,0,0.228817,,,,,8415_296,S.8415.3.R1.match.sdr.cov.txt
7619_006,0,0.229774,,,,,7619_006,S.7619.006.R1.match.sdr.cov.txt
8412_136,2,0.229812,,,,,8412_136,S.8412.136.R1.match.sdr.cov.txt
8412_246,0,0.22998,,,,,8412_246,S.8412.246.R1.match.sdr.cov.txt
8412_215,2,0.230139,,,,,8412_215,S.8412.215.R1.match.sdr.cov.txt
8412_254,-,0.231074,,,,,8412_254,S.8412.254.R1.match.sdr.cov.txt
8415_346,2,0.231172,,,,,8415_346,S.8415.35.R1.match.sdr.cov.txt
8415_277,0,0.231629,,,,,8415_277,S.8415.281.R1.match.sdr.cov.txt
8412_128,1,0.231691,,,,,8412_128,S.8412.128.R1.match.sdr.cov.txt
8412_013,2,0.232034,,,,,8412_013,S.8412.013.R1.match.sdr.cov.txt
8412_280,0,0.23237,,,,,8412_280,S.8412.28.R1.match.sdr.cov.txt
8412_264,0,0.232882,,,,,8412_264,S.8412.264.R1.match.sdr.cov.txt
8412_029,2,0.23302,,,,,8412_029,S.8412.029.R1.match.sdr.cov.txt
8415_247,0,0.233121,,,,,8415_247,S.8415.251.R1.match.sdr.cov.txt
8412_103,1,0.233261,,,,,8412_103,S.8412.103.R1.match.sdr.cov.txt
3582_01,4,0.23382,,,,,3582_01,S.3582.001.R1.match.sdr.cov.txt
8412_329,2,0.233855,,,,,8412_329,S.8412.333.R1.match.sdr.cov.txt
8412_226,0,0.23386,,,,,8412_226,S.8412.226.R1.match.sdr.cov.txt
8415_284,0,0.233884,,,,,8415_284,S.8415.288.R1.match.sdr.cov.txt
8412_243,0,0.234336,,,,,8412_243,S.8412.243.R1.match.sdr.cov.txt
8412_096,0,0.235952,,,,,8412_096,S.8412.096.R1.match.sdr.cov.txt
8415_114,0,0.23601,,,,,8415_114,S.8415.118.R1.match.sdr.cov.txt
8415_317,4,0.236524,,,,,8415_317,S.8415.321.R1.match.sdr.cov.txt
8412_299,4,0.237854,,,,,8412_299,S.8412.299.R1.match.sdr.cov.txt
8415_257,2,0.238431,,,,,8415_257,S.8415.261.R1.match.sdr.cov.txt
8412_196,2,0.238909,,,,,8412_196,S.8412.196.R1.match.sdr.cov.txt
8412_143,0,0.239066,,,,,8412_143,S.8412.143.R1.match.sdr.cov.txt
8412_194,1,0.239174,,,,,8412_194,S.8412.194.R1.match.sdr.cov.txt
8412_199,2,0.239277,,,,,8412_199,S.8412.199.R1.match.sdr.cov.txt
8412_104,0,0.239644,,,,,8412_104,S.8412.104.R1.match.sdr.cov.txt
8412_356,2,0.240297,,,,,8412_356,S.8412.36.R1.match.sdr.cov.txt
8412_240,3,0.240379,,,,,8412_240,S.8412.24.R1.match.sdr.cov.txt
8412_185,0,0.240572,,,,,8412_185,S.8412.185.R1.match.sdr.cov.txt
8415_446,0,0.242574,,,,,8415_446,S.8415.45.R1.match.sdr.cov.txt
8415_377,2,0.243066,,,,,8415_377,S.8415.381.R1.match.sdr.cov.txt
8415_439,0,0.243081,,,,,8415_439,S.8415.443.R1.match.sdr.cov.txt
8415_411,2,0.243226,,,,,8415_411,S.8415.415.R1.match.sdr.cov.txt
8415_117,0,0.243432,,,,,8415_117,S.8415.121.R1.match.sdr.cov.txt
8412_210,0,0.24417,,,,,8412_210,S.8412.21.R1.match.sdr.cov.txt
8412_354,2,0.246151,,,,,8412_354,S.8412.358.R1.match.sdr.cov.txt
8415_167,0,0.246304,,,,,8415_167,S.8415.171.R1.match.sdr.cov.txt
8415_243,2,0.246374,,,,,8415_243,S.8415.247.R1.match.sdr.cov.txt
8412_370,2,0.246861,,,,,8412_37,S.8412.374.R1.match.sdr.cov.txt
8412_019,2,0.248049,,,,,8412_019,S.8412.019.R1.match.sdr.cov.txt
8415_350,2,0.249059,,,,,8415_35,S.8415.354.R1.match.sdr.cov.txt
8412_015,2,0.250536,,,,,8412_015,S.8412.015.R1.match.sdr.cov.txt
8415_401,2,0.251116,,,,,8415_401,S.8415.405.R1.match.sdr.cov.txt
8415_402,4,0.251492,,,,,8415_402,S.8415.406.R1.match.sdr.cov.txt
8415_186,2,0.251967,,,,,8415_186,S.8415.19.R1.match.sdr.cov.txt
8415_251,2,0.252871,,,,,8415_251,S.8415.255.R1.match.sdr.cov.txt
8412_207,0,0.253667,,,,,8412_207,S.8412.207.R1.match.sdr.cov.txt
8415_386,1,0.2538,,,,,8415_386,S.8415.39.R1.match.sdr.cov.txt
8415_274,2,0.254161,,,,,8415_274,S.8415.278.R1.match.sdr.cov.txt
8415_210,2,0.255354,,,,,8415_21,S.8415.214.R1.match.sdr.cov.txt
8412_106,0,0.255684,,,,,8412_106,S.8412.106.R1.match.sdr.cov.txt
8412_205,1,0.255876,,,,,8412_205,S.8412.205.R1.match.sdr.cov.txt
8232_03,0,0.25626,,,,,8232_03,S.8232.003.R1.match.sdr.cov.txt
8412_241,2,0.25668,,,,,8412_241,S.8412.241.R1.match.sdr.cov.txt
8412_191,0,0.257557,,,,,8412_191,S.8412.191.R1.match.sdr.cov.txt
8412_152,0,0.257936,,,,,8412_152,S.8412.152.R1.match.sdr.cov.txt
8415_304,1,0.258291,,,,,8415_304,S.8415.308.R1.match.sdr.cov.txt
8412_321,1,0.259182,,,,,8412_321,S.8412.325.R1.match.sdr.cov.txt
8412_446,1,0.260096,,,,,8412_446,S.8412.45.R1.match.sdr.cov.txt
8412_010,1,0.260551,,,,,8412_010,S.8412.01.R1.match.sdr.cov.txt
8412_260,2,0.262672,,,,,8412_260,S.8412.26.R1.match.sdr.cov.txt
8412_112,0,0.262714,,,,,8412_112,S.8412.112.R1.match.sdr.cov.txt
8412_256,0,0.263265,,,,,8412_256,S.8412.256.R1.match.sdr.cov.txt
8412_250,0,0.264817,,,,,8412_250,S.8412.25.R1.match.sdr.cov.txt
8412_053,0,0.265611,,,,,8412_053,S.8412.053.R1.match.sdr.cov.txt
8412_119,2,0.266514,,,,,8412_119,S.8412.119.R1.match.sdr.cov.txt
8415_353,0,0.267851,,,,,8415_353,S.8415.357.R1.match.sdr.cov.txt
8415_433,0,0.268449,,,,,8415_433,S.8415.437.R1.match.sdr.cov.txt
8412_479,0,0.268531,,,,,8412_479,S.8412.483.R1.match.sdr.cov.txt
8412_003,0,0.269455,,,,,8412_003,S.8412.003.R1.match.sdr.cov.txt
8412_025,0,0.270116,,,,,8412_025,S.8412.025.R1.match.sdr.cov.txt
8412_073,0,0.270545,,,,,8412_073,S.8412.073.R1.match.sdr.cov.txt
8412_145,0,0.273157,,,,,8412_145,S.8412.145.R1.match.sdr.cov.txt
8412_230,1,0.273192,,,,,8412_230,S.8412.23.R1.match.sdr.cov.txt
8415_424,0,0.273394,,,,,8415_424,S.8415.428.R1.match.sdr.cov.txt
8412_477,3,0.277177,,,,,8412_477,S.8412.481.R1.match.sdr.cov.txt
8415_335,2,0.278176,,,,,8415_335,S.8415.339.R1.match.sdr.cov.txt
8412_067,2,0.278257,,,,,8412_067,S.8412.067.R1.match.sdr.cov.txt
8412_271,3,0.278271,,,,,8412_271,S.8412.271.R1.match.sdr.cov.txt
8412_201,2,0.28158,,,,,8412_201,S.8412.201.R1.match.sdr.cov.txt
8412_217,1,0.283477,,,,,8412_217,S.8412.217.R1.match.sdr.cov.txt
8415_376,1,0.284211,,,,,8415_376,S.8415.38.R1.match.sdr.cov.txt
8412_209,2,0.284695,,,,,8412_209,S.8412.209.R1.match.sdr.cov.txt
8415_390,0,0.28547,,,,,8415_39,S.8415.394.R1.match.sdr.cov.txt
8412_108,2,0.287607,,,,,8412_108,S.8412.108.R1.match.sdr.cov.txt
8415_398,3,0.28844,,,,,8415_398,S.8415.402.R1.match.sdr.cov.txt
8412_281,0,0.289332,,,,,8412_281,S.8412.281.R1.match.sdr.cov.txt
8412_284,0,0.290182,,,,,8412_284,S.8412.284.R1.match.sdr.cov.txt
8415_193,1,0.290951,,,,,8415_193,S.8415.197.R1.match.sdr.cov.txt
8415_414,2,0.295896,,,,,8415_414,S.8415.418.R1.match.sdr.cov.txt
8415_404,0,0.296575,,,,,8415_404,S.8415.408.R1.match.sdr.cov.txt
8412_006,1,0.29721,,,,,8412_006,S.8412.006.R1.match.sdr.cov.txt
8415_407,2,0.297496,,,,,8415_407,S.8415.411.R1.match.sdr.cov.txt
8412_114,1,0.297852,,,,,8412_114,S.8412.114.R1.match.sdr.cov.txt
8412_216,2,0.299042,,,,,8412_216,S.8412.216.R1.match.sdr.cov.txt
8412_137,1,0.299484,,,,,8412_137,S.8412.137.R1.match.sdr.cov.txt
8415_233,3,0.301659,,,,,8415_233,S.8415.237.R1.match.sdr.cov.txt
8415_406,4,0.303512,,,,,8415_406,S.8415.41.R1.match.sdr.cov.txt
8412_478,0,0.304247,,,,,8412_478,S.8412.482.R1.match.sdr.cov.txt
8412_069,3,0.305517,,,,,8412_069,S.8412.069.R1.match.sdr.cov.txt
8415_385,2,0.307694,,,,,8415_385,S.8415.389.R1.match.sdr.cov.txt
8412_105,3,0.312989,,,,,8412_105,S.8412.105.R1.match.sdr.cov.txt
8415_273,2,0.318335,,,,,8415_273,S.8415.277.R1.match.sdr.cov.txt
8415_316,2,0.321771,,,,,8415_316,S.8415.32.R1.match.sdr.cov.txt
8412_160,1,0.32419,,,,,8412_160,S.8412.16.R1.match.sdr.cov.txt
8412_186,0,0.324919,,,,,8412_186,S.8412.186.R1.match.sdr.cov.txt
8412_279,0,0.331666,,,,,8412_279,S.8412.279.R1.match.sdr.cov.txt
8412_206,0,0.338985,,,,,8412_206,S.8412.206.R1.match.sdr.cov.txt
8412_009,1,0.342954,,,,,8412_009,S.8412.009.R1.match.sdr.cov.txt
8415_267,3,0.361027,,,,,8415_267,S.8415.271.R1.match.sdr.cov.txt
8412_200,2,0.374651,,,,,8412_200,S.8412.2.R1.match.sdr.cov.txt
8415_427,4,0.377214,,,,,8415_427,S.8415.431.R1.match.sdr.cov.txt
8412_144,1,0.38244,,,,,8412_144,S.8412.144.R1.match.sdr.cov.txt
8412_255,2,0.382592,,,,,8412_255,S.8412.255.R1.match.sdr.cov.txt
7619_002,0,0.405479,,,,,7619_002,S.7619.002.R1.match.sdr.cov.txt
8412_122,0,0.449986,,,,,8412_122,S.8412.122.R1.match.sdr.cov.txt
8415_003,0,0.540596,,,,,8415_003,S.8415.007.R1.match.sdr.cov.txt
3582_04,4,18.0562,,,,,3582_04,S.3582.004.R1.match.sdr.cov.txt